时间,万得全A
2011-01-13,1.0
2011-01-14,1.0
2011-01-17,1.0
2011-01-18,1.0
2011-01-19,1.0
2011-01-20,1.0
2011-01-21,1.0
2011-01-24,1.0
2011-01-25,1.0
2011-01-26,1.0
2011-01-27,1.0
2011-01-28,1.0
2011-01-31,1.0
2011-02-01,1.0
2011-02-09,1.0
2011-02-10,1.0
2011-02-11,1.0
2011-02-14,1.0
2011-02-15,1.0
2011-02-16,1.0
2011-02-17,1.0
2011-02-18,1.0
2011-02-21,1.0
2011-02-22,1.0
2011-02-23,1.0
2011-02-24,1.0
2011-02-25,1.0
2011-02-28,1.0
2011-03-01,1.0
2011-03-02,1.0
2011-03-03,1.0
2011-03-04,1.0
2011-03-07,1.0
2011-03-08,1.0
2011-03-09,1.0
2011-03-10,1.0
2011-03-11,1.0
2011-03-14,1.0
2011-03-15,1.0
2011-03-16,1.0
2011-03-17,1.0
2011-03-18,1.0
2011-03-21,1.0
2011-03-22,1.0
2011-03-23,1.0
2011-03-24,1.0
2011-03-25,1.0
2011-03-28,1.0
2011-03-29,1.0
2011-03-30,1.0
2011-03-31,1.0
2011-04-01,1.0
2011-04-06,1.0
2011-04-07,1.0
2011-04-08,1.0
2011-04-11,1.0
2011-04-12,1.0
2011-04-13,1.0
2011-04-14,1.0
2011-04-15,1.0
2011-04-18,1.0
2011-04-19,0.9828357019632106
2011-04-20,0.9854215896587094
2011-04-21,0.9922205180925
2011-04-22,0.9869675603487826
2011-04-25,0.9709504693701536
2011-04-26,0.9615746394635553
2011-04-27,0.9560041004406449
2011-04-28,0.940329847473166
2011-04-29,0.9500650241712371
2011-05-03,0.958168248366669
2011-05-04,0.9364436465465367
2011-05-05,0.9380337314207293
2011-05-06,0.9364514414139467
2011-05-09,0.9399577021221033
2011-05-10,0.9457595002244175
2011-05-11,0.9443983597965112
2011-05-12,0.9318616260583577
2011-05-13,0.9398652869910199
2011-05-16,0.9337250418727344
2011-05-17,0.9341600907826341
2011-05-18,0.9404822388329674
2011-05-19,0.93655076640566
2011-05-20,0.9356201136988636
2011-05-23,0.9067988807795794
2011-05-24,0.9049570114764277
2011-05-25,0.8964909345011248
2011-05-26,0.8934488938878915
2011-05-27,0.8833143068221838
2011-05-30,0.8800853595847223
2011-05-31,0.8931921057667519
2011-06-01,0.8961013613242372
2011-06-02,0.8836055761690278
2011-06-03,0.8928282999026563
2011-06-07,0.8991219575424125
2011-06-08,0.9017729953524211
2011-06-09,0.88652773240227
2011-06-10,0.8888632312564246
2011-06-13,0.8881809591063559
2011-06-14,0.899033865329063
2011-06-15,0.8927063051218818
2011-06-16,0.8784628017694419
2011-06-17,0.871471316283519
2011-06-20,0.8636728407689677
2011-06-21,0.8733447735209785
2011-06-22,0.8737238968101158
2011-06-23,0.8880091997135575
2011-06-24,0.9074742430690185
2011-06-27,0.912064739199054
2011-06-28,0.912914549940354
2011-06-29,0.9029962108775095
2011-06-30,0.9146625064086406
2011-07-01,0.9159934885285762
2011-07-04,0.9349981581647357
2011-07-05,0.9375072545026936
2011-07-06,0.9372978482830157
2011-07-07,0.9331930166429613
2011-07-08,0.9339259043731116
2011-07-11,0.9370517823594051
2011-07-12,0.9215549392126288
2011-07-13,0.9357170900187372
2011-07-14,0.9407217693218936
2011-07-15,0.9449721845772865
2011-07-18,0.9436493717507063
2011-07-19,0.9362947952138562
2011-07-20,0.9358787058722857
2011-07-21,0.9264519880758273
2011-07-22,0.9290630644258387
2011-07-25,0.9002735215570293
2011-07-26,0.9051261158488854
2011-07-27,0.9136122756703537
2011-07-28,0.9093559376772781
2011-07-29,0.9053092782136589
2011-08-01,0.9066468978844459
2011-08-02,0.8990969390815114
2011-08-03,0.8993789158571637
2011-08-04,0.9015906839557053
2011-08-05,0.8825707309332268
2011-08-08,0.8473724795432385
2011-08-09,0.8468781011403448
2011-08-10,0.855923210820937
2011-08-11,0.8678738998770043
2011-08-12,0.8728727585586452
2011-08-15,0.8844377888908911
2011-08-16,0.8780762240001176
2011-08-17,0.8754642286046037
2011-08-18,0.8611172815750506
2011-08-19,0.8529221187906477
2011-08-22,0.845859186026587
2011-08-23,0.8587329711930973
2011-08-24,0.8556331668680965
2011-08-25,0.8790723672086471
2011-08-26,0.8789974820195554
2011-08-29,0.8682292300992439
2011-08-30,0.8640872622131446
2011-08-31,0.8637508575205118
2011-09-01,0.8637508575205118
2011-09-02,0.8637508575205118
2011-09-05,0.8637508575205118
2011-09-06,0.8637508575205118
2011-09-07,0.8637508575205118
2011-09-08,0.8637508575205118
2011-09-09,0.8637508575205118
2011-09-13,0.8637508575205118
2011-09-14,0.8637508575205118
2011-09-15,0.8637508575205118
2011-09-16,0.8637508575205118
2011-09-19,0.8637508575205118
2011-09-20,0.8637508575205118
2011-09-21,0.8637508575205118
2011-09-22,0.8637508575205118
2011-09-23,0.8637508575205118
2011-09-26,0.8637508575205118
2011-09-27,0.8637508575205118
2011-09-28,0.8637508575205118
2011-09-29,0.8637508575205118
2011-09-30,0.8637508575205118
2011-10-10,0.8637508575205118
2011-10-11,0.8637508575205118
2011-10-12,0.8637508575205118
2011-10-13,0.8637508575205118
2011-10-14,0.8637508575205118
2011-10-17,0.8637508575205118
2011-10-18,0.8637508575205118
2011-10-19,0.8637508575205118
2011-10-20,0.8637508575205118
2011-10-21,0.8637508575205118
2011-10-24,0.8637508575205118
2011-10-25,0.8637508575205118
2011-10-26,0.8637508575205118
2011-10-27,0.8637508575205118
2011-10-28,0.8637508575205118
2011-10-31,0.8637508575205118
2011-11-01,0.8637508575205118
2011-11-02,0.8637508575205118
2011-11-03,0.8637508575205118
2011-11-04,0.8637508575205118
2011-11-07,0.8637508575205118
2011-11-08,0.8637508575205118
2011-11-09,0.8637508575205118
2011-11-10,0.8637508575205118
2011-11-11,0.8637508575205118
2011-11-14,0.8637508575205118
2011-11-15,0.8637508575205118
2011-11-16,0.8637508575205118
2011-11-17,0.8637508575205118
2011-11-18,0.8637508575205118
2011-11-21,0.8637508575205118
2011-11-22,0.8637508575205118
2011-11-23,0.8637508575205118
2011-11-24,0.8637508575205118
2011-11-25,0.8637508575205118
2011-11-28,0.8637508575205118
2011-11-29,0.8637508575205118
2011-11-30,0.8637508575205118
2011-12-01,0.8637508575205118
2011-12-02,0.8637508575205118
2011-12-05,0.8637508575205118
2011-12-06,0.8637508575205118
2011-12-07,0.8637508575205118
2011-12-08,0.8637508575205118
2011-12-09,0.8637508575205118
2011-12-12,0.8637508575205118
2011-12-13,0.8637508575205118
2011-12-14,0.8637508575205118
2011-12-15,0.8637508575205118
2011-12-16,0.8637508575205118
2011-12-19,0.8637508575205118
2011-12-20,0.8637508575205118
2011-12-21,0.8637508575205118
2011-12-22,0.8637508575205118
2011-12-23,0.8637508575205118
2011-12-26,0.8637508575205118
2011-12-27,0.8637508575205118
2011-12-28,0.8637508575205118
2011-12-29,0.8637508575205118
2011-12-30,0.8637508575205118
2012-01-04,0.8637508575205118
2012-01-05,0.8637508575205118
2012-01-06,0.8637508575205118
2012-01-09,0.8637508575205118
2012-01-10,0.8637508575205118
2012-01-11,0.8637508575205118
2012-01-12,0.8637508575205118
2012-01-13,0.8637508575205118
2012-01-16,0.8637508575205118
2012-01-17,0.8637508575205118
2012-01-18,0.8637508575205118
2012-01-19,0.8637508575205118
2012-01-20,0.8637508575205118
2012-01-30,0.8637508575205118
2012-01-31,0.8637508575205118
2012-02-01,0.8637508575205118
2012-02-02,0.8637508575205118
2012-02-03,0.8637508575205118
2012-02-06,0.8637508575205118
2012-02-07,0.8637508575205118
2012-02-08,0.8637508575205118
2012-02-09,0.8637508575205118
2012-02-10,0.8637508575205118
2012-02-13,0.8637508575205118
2012-02-14,0.8637508575205118
2012-02-15,0.8637508575205118
2012-02-16,0.8637508575205118
2012-02-17,0.8637508575205118
2012-02-20,0.8637508575205118
2012-02-21,0.8637508575205118
2012-02-22,0.8637508575205118
2012-02-23,0.8637508575205118
2012-02-24,0.8637508575205118
2012-02-27,0.8637508575205118
2012-02-28,0.8637508575205118
2012-02-29,0.8637508575205118
2012-03-01,0.8637508575205118
2012-03-02,0.8637508575205118
2012-03-05,0.8637508575205118
2012-03-06,0.8637508575205118
2012-03-07,0.8637508575205118
2012-03-08,0.8637508575205118
2012-03-09,0.8637508575205118
2012-03-12,0.8637508575205118
2012-03-13,0.8637508575205118
2012-03-14,0.8637508575205118
2012-03-15,0.8637508575205118
2012-03-16,0.8637508575205118
2012-03-19,0.8637508575205118
2012-03-20,0.8637508575205118
2012-03-21,0.8637508575205118
2012-03-22,0.8637508575205118
2012-03-23,0.8637508575205118
2012-03-26,0.8637508575205118
2012-03-27,0.8637508575205118
2012-03-28,0.8637508575205118
2012-03-29,0.8637508575205118
2012-03-30,0.8637508575205118
2012-04-05,0.8637508575205118
2012-04-06,0.8637508575205118
2012-04-09,0.8637508575205118
2012-04-10,0.8637508575205118
2012-04-11,0.8637508575205118
2012-04-12,0.8637508575205118
2012-04-13,0.8637508575205118
2012-04-16,0.8637508575205118
2012-04-17,0.8637508575205118
2012-04-18,0.8637508575205118
2012-04-19,0.8637508575205118
2012-04-20,0.8637508575205118
2012-04-23,0.8637508575205118
2012-04-24,0.8637508575205118
2012-04-25,0.8637508575205118
2012-04-26,0.8637508575205118
2012-04-27,0.8637508575205118
2012-05-02,0.8637508575205118
2012-05-03,0.8637508575205118
2012-05-04,0.8637508575205118
2012-05-07,0.8637508575205118
2012-05-08,0.8637508575205118
2012-05-09,0.8637508575205118
2012-05-10,0.8637508575205118
2012-05-11,0.8637508575205118
2012-05-14,0.8637508575205118
2012-05-15,0.8637508575205118
2012-05-16,0.8637508575205118
2012-05-17,0.8637508575205118
2012-05-18,0.8637508575205118
2012-05-21,0.8637508575205118
2012-05-22,0.8637508575205118
2012-05-23,0.8637508575205118
2012-05-24,0.8637508575205118
2012-05-25,0.8637508575205118
2012-05-28,0.8637508575205118
2012-05-29,0.8637508575205118
2012-05-30,0.8637508575205118
2012-05-31,0.8637508575205118
2012-06-01,0.8637508575205118
2012-06-04,0.8637508575205118
2012-06-05,0.8637508575205118
2012-06-06,0.8637508575205118
2012-06-07,0.8637508575205118
2012-06-08,0.8637508575205118
2012-06-11,0.8637508575205118
2012-06-12,0.8637508575205118
2012-06-13,0.8637508575205118
2012-06-14,0.8637508575205118
2012-06-15,0.8637508575205118
2012-06-18,0.8637508575205118
2012-06-19,0.8637508575205118
2012-06-20,0.8637508575205118
2012-06-21,0.8637508575205118
2012-06-25,0.8637508575205118
2012-06-26,0.8637508575205118
2012-06-27,0.8637508575205118
2012-06-28,0.8637508575205118
2012-06-29,0.8637508575205118
2012-07-02,0.8637508575205118
2012-07-03,0.8637508575205118
2012-07-04,0.8637508575205118
2012-07-05,0.8637508575205118
2012-07-06,0.8637508575205118
2012-07-09,0.8637508575205118
2012-07-10,0.8637508575205118
2012-07-11,0.8637508575205118
2012-07-12,0.8637508575205118
2012-07-13,0.8637508575205118
2012-07-16,0.8637508575205118
2012-07-17,0.8637508575205118
2012-07-18,0.8637508575205118
2012-07-19,0.8637508575205118
2012-07-20,0.8637508575205118
2012-07-23,0.8637508575205118
2012-07-24,0.8637508575205118
2012-07-25,0.8637508575205118
2012-07-26,0.8637508575205118
2012-07-27,0.8637508575205118
2012-07-30,0.8637508575205118
2012-07-31,0.8637508575205118
2012-08-01,0.8637508575205118
2012-08-02,0.8637508575205118
2012-08-03,0.8637508575205118
2012-08-06,0.8637508575205118
2012-08-07,0.8637508575205118
2012-08-08,0.8637508575205118
2012-08-09,0.8637508575205118
2012-08-10,0.8637508575205118
2012-08-13,0.8637508575205118
2012-08-14,0.8637508575205118
2012-08-15,0.8637508575205118
2012-08-16,0.8637508575205118
2012-08-17,0.8637508575205118
2012-08-20,0.8637508575205118
2012-08-21,0.8637508575205118
2012-08-22,0.8637508575205118
2012-08-23,0.8637508575205118
2012-08-24,0.8637508575205118
2012-08-27,0.8637508575205118
2012-08-28,0.8637508575205118
2012-08-29,0.8637508575205118
2012-08-30,0.8637508575205118
2012-08-31,0.8637508575205118
2012-09-03,0.8637508575205118
2012-09-04,0.8637508575205118
2012-09-05,0.8637508575205118
2012-09-06,0.8637508575205118
2012-09-07,0.8637508575205118
2012-09-10,0.8637508575205118
2012-09-11,0.8637508575205118
2012-09-12,0.8637508575205118
2012-09-13,0.8637508575205118
2012-09-14,0.8637508575205118
2012-09-17,0.8637508575205118
2012-09-18,0.8637508575205118
2012-09-19,0.8637508575205118
2012-09-20,0.8637508575205118
2012-09-21,0.8637508575205118
2012-09-24,0.8637508575205118
2012-09-25,0.8637508575205118
2012-09-26,0.8637508575205118
2012-09-27,0.8637508575205118
2012-09-28,0.8637508575205118
2012-10-08,0.8637508575205118
2012-10-09,0.8637508575205118
2012-10-10,0.8637508575205118
2012-10-11,0.8637508575205118
2012-10-12,0.8637508575205118
2012-10-15,0.8637508575205118
2012-10-16,0.8637508575205118
2012-10-17,0.866087722674816
2012-10-18,0.8780822517854033
2012-10-19,0.8766511803811746
2012-10-22,0.8788929165114983
2012-10-23,0.8702568555518754
2012-10-24,0.8700045568361009
2012-10-25,0.8636846808081778
2012-10-26,0.8484102683925232
2012-10-29,0.8458376487005282
2012-10-30,0.8470164213889826
2012-10-31,0.8499654211323786
2012-11-01,0.8650288952774677
2012-11-02,0.8695578640278445
2012-11-05,0.867427801099585
2012-11-06,0.8634199739588406
2012-11-07,0.8629526009279798
2012-11-08,0.8473969374849044
2012-11-09,0.8455936220737955
2012-11-12,0.8499157885981279
2012-11-13,0.836026951096972
2012-11-14,0.8389842229294099
2012-11-15,0.8279037596579398
2012-11-16,0.821186823356011
2012-11-19,0.8218279102567493
2012-11-20,0.818883046557874
2012-11-21,0.8277507260106668
2012-11-22,0.8208104433046097
2012-11-23,0.8252442830310062
2012-11-26,0.8191312092291276
2012-11-27,0.805771785426646
2012-11-28,0.7963209236964074
2012-11-29,0.7914734795179218
2012-11-30,0.7993071478404915
2012-12-03,0.7879702498087262
2012-12-04,0.7953903136792067
2012-12-05,0.8197474798627405
2012-12-06,0.8186017955304534
2012-12-07,0.8328132445042389
2012-12-10,0.8421482969878924
2012-12-11,0.8379460757546661
2012-12-12,0.840593144248037
2012-12-13,0.8315145265246788
2012-12-14,0.8667618979317218
2012-12-17,0.8711461051238674
2012-12-18,0.8709972075211152
2012-12-19,0.8723703743020514
2012-12-20,0.8751911566653
2012-12-21,0.8707035483601319
2012-12-24,0.8733754331206283
2012-12-25,0.8952385644580643
2012-12-26,0.9001397772153215
2012-12-27,0.895019354098457
2012-12-28,0.9061618580377405
2012-12-31,0.9195419620628266
2013-01-04,0.9202161373197321
2013-01-07,0.9247781944262762
2013-01-08,0.9240295703679947
2013-01-09,0.9248815955392985
2013-01-10,0.9285626751628926
2013-01-11,0.9116421170279227
2013-01-14,0.9408674076125467
2013-01-15,0.9483950086405704
2013-01-16,0.9430719193421822
2013-01-17,0.9331578206256035
2013-01-18,0.9467984954555058
2013-01-21,0.9519354627504538
2013-01-22,0.9443995896333883
2013-01-23,0.9463104422020405
2013-01-24,0.9361233645470831
2013-01-25,0.9322892512762161
2013-01-28,0.9544667219972397
2013-01-29,0.9603729935730738
2013-01-30,0.9682521583853734
2013-01-31,0.9663619860393255
2013-02-01,0.9784557802184141
2013-02-04,0.9765532824596941
2013-02-05,0.984934769879056
2013-02-06,0.9886608910274824
2013-02-07,0.9867765505042092
2013-02-08,0.9958100026213993
2013-02-18,0.9920468225140655
2013-02-19,0.9743124562591651
2013-02-20,0.9858484634741663
2013-02-21,0.958047502541202
2013-02-22,0.954052042173575
2013-02-25,0.9604575756835257
2013-02-26,0.947176902168722
2013-02-27,0.9535622931418561
2013-02-28,0.9786158451413727
2013-03-01,0.9830450938583509
2013-03-04,0.9426300243455696
2013-03-05,0.9686327158417404
2013-03-06,0.9812193197254935
2013-03-07,0.9698012311397829
2013-03-08,0.9630495934243238
2013-03-11,0.9600338379223605
2013-03-12,0.9418379304593737
2013-03-13,0.9322442511118287
2013-03-14,0.9351663252053938
2013-03-15,0.9369744797885923
2013-03-18,0.9238309575101012
2013-03-19,0.9297945546629949
2013-03-20,0.9583978255121218
2013-03-21,0.964057464753175
2013-03-22,0.966312518946856
2013-03-25,0.9649501886025647
2013-03-26,0.9539816053353846
2013-03-27,0.9570364050976251
2013-03-28,0.9269063547740561
2013-03-29,0.9261703042911182
2013-04-01,0.9284773072039814
2013-04-02,0.9213426717658876
2013-04-03,0.9169201234410332
2013-04-08,0.9169201234410332
2013-04-09,0.9169201234410332
2013-04-10,0.9169201234410332
2013-04-11,0.9169201234410332
2013-04-12,0.9169201234410332
2013-04-15,0.9169201234410332
2013-04-16,0.9169201234410332
2013-04-17,0.9169201234410332
2013-04-18,0.9169201234410332
2013-04-19,0.9169201234410332
2013-04-22,0.9169201234410332
2013-04-23,0.9169201234410332
2013-04-24,0.9169201234410332
2013-04-25,0.9169201234410332
2013-04-26,0.9169201234410332
2013-05-02,0.9169201234410332
2013-05-03,0.9169201234410332
2013-05-06,0.9169201234410332
2013-05-07,0.9169201234410332
2013-05-08,0.9169201234410332
2013-05-09,0.9169201234410332
2013-05-10,0.9169201234410332
2013-05-13,0.9169201234410332
2013-05-14,0.9169201234410332
2013-05-15,0.9169201234410332
2013-05-16,0.9169201234410332
2013-05-17,0.9169201234410332
2013-05-20,0.9169201234410332
2013-05-21,0.9169201234410332
2013-05-22,0.9169201234410332
2013-05-23,0.9169201234410332
2013-05-24,0.9169201234410332
2013-05-27,0.9169201234410332
2013-05-28,0.9169201234410332
2013-05-29,0.9169201234410332
2013-05-30,0.9169201234410332
2013-05-31,0.9169201234410332
2013-06-03,0.9169201234410332
2013-06-04,0.9169201234410332
2013-06-05,0.9169201234410332
2013-06-06,0.9169201234410332
2013-06-07,0.9169201234410332
2013-06-13,0.9169201234410332
2013-06-14,0.9169201234410332
2013-06-17,0.9169201234410332
2013-06-18,0.9169201234410332
2013-06-19,0.9169201234410332
2013-06-20,0.9169201234410332
2013-06-21,0.9169201234410332
2013-06-24,0.9169201234410332
2013-06-25,0.9169201234410332
2013-06-26,0.9169201234410332
2013-06-27,0.9169201234410332
2013-06-28,0.9169201234410332
2013-07-01,0.9169201234410332
2013-07-02,0.9169201234410332
2013-07-03,0.9169201234410332
2013-07-04,0.9169201234410332
2013-07-05,0.9169201234410332
2013-07-08,0.9169201234410332
2013-07-09,0.9169201234410332
2013-07-10,0.9169201234410332
2013-07-11,0.9169201234410332
2013-07-12,0.9169201234410332
2013-07-15,0.9169201234410332
2013-07-16,0.9169201234410332
2013-07-17,0.9169201234410332
2013-07-18,0.9169201234410332
2013-07-19,0.9169201234410332
2013-07-22,0.9169201234410332
2013-07-23,0.9169201234410332
2013-07-24,0.9169201234410332
2013-07-25,0.9169201234410332
2013-07-26,0.9169201234410332
2013-07-29,0.9169201234410332
2013-07-30,0.9169201234410332
2013-07-31,0.9169201234410332
2013-08-01,0.9169201234410332
2013-08-02,0.9169201234410332
2013-08-05,0.9169201234410332
2013-08-06,0.9169201234410332
2013-08-07,0.9169201234410332
2013-08-08,0.9169201234410332
2013-08-09,0.9169201234410332
2013-08-12,0.9169201234410332
2013-08-13,0.9169201234410332
2013-08-14,0.9169201234410332
2013-08-15,0.9169201234410332
2013-08-16,0.9169201234410332
2013-08-19,0.9169201234410332
2013-08-20,0.9169201234410332
2013-08-21,0.9169201234410332
2013-08-22,0.9169201234410332
2013-08-23,0.9169201234410332
2013-08-26,0.9169201234410332
2013-08-27,0.9169201234410332
2013-08-28,0.9169201234410332
2013-08-29,0.9169201234410332
2013-08-30,0.9169201234410332
2013-09-02,0.9169201234410332
2013-09-03,0.9169201234410332
2013-09-04,0.9170932814009889
2013-09-05,0.9168526696069532
2013-09-06,0.9239400042750039
2013-09-09,0.9449572302188974
2013-09-10,0.9561435359903546
2013-09-11,0.9524446454804937
2013-09-12,0.9585359250915393
2013-09-13,0.9564257310891642
2013-09-16,0.956467869896101
2013-09-17,0.9383085438659957
2013-09-18,0.9438482495078975
2013-09-23,0.9614005703887355
2013-09-24,0.9564130735755927
2013-09-25,0.9513457828446058
2013-09-26,0.9332554581188915
2013-09-27,0.9369102258855191
2013-09-30,0.9466456790433695
2013-10-08,0.9609740637637209
2013-10-09,0.9697126286113217
2013-10-10,0.9608876434986467
2013-10-11,0.9757756569695059
2013-10-14,0.9815381983362269
2013-10-15,0.9804963937082257
2013-10-16,0.9566913008018094
2013-10-17,0.9544668320687575
2013-10-18,0.9599339653209343
2013-10-21,0.9813475817368622
2013-10-22,0.9705426678790379
2013-10-23,0.9528371077586607
2013-10-24,0.9456712488919959
2013-10-25,0.9304579889046938
2013-10-28,0.9293187333258099
2013-10-29,0.9186324191797887
2013-10-30,0.9330134972481743
2013-10-31,0.9200995400710268
2013-11-01,0.9203668953263389
2013-11-04,0.9222764340116894
2013-11-05,0.9295185553895902
2013-11-06,0.9193459617081763
2013-11-07,0.9105802962907656
2013-11-08,0.8975044102331003
2013-11-11,0.9016008022193216
2013-11-12,0.9109593471595689
2013-11-13,0.8922716988937142
2013-11-14,0.902198324153092
2013-11-15,0.9207435654715862
2013-11-18,0.9475415056386763
2013-11-19,0.9459725294579776
2013-11-20,0.952889126568354
2013-11-21,0.9484276506248568
2013-11-22,0.9439372885688829
2013-11-25,0.9422225327491196
2013-11-26,0.9433257203661336
2013-11-27,0.9551824775696194
2013-11-28,0.9639181855489534
2013-11-29,0.9683590682336934
2013-12-02,0.9385742722935446
2013-12-03,0.9518937063709643
2013-12-04,0.9649992324368988
2013-12-05,0.9617044300719023
2013-12-06,0.9571053879856081
2013-12-09,0.9618641766224941
2013-12-10,0.9627897225835222
2013-12-11,0.9501554607454509
2013-12-12,0.9526700603224982
2013-12-13,0.9537955077047587
2013-12-16,0.9390568052795717
2013-12-17,0.9337557671741351
2013-12-18,0.9332323651004009
2013-12-19,0.9241864885204771
2013-12-20,0.9075387235546508
2013-12-23,0.9074813084382312
2013-12-24,0.9121610570530657
2013-12-25,0.922167873017547
2013-12-26,0.9058883266283451
2013-12-27,0.9215149595823793
2013-12-30,0.9230297743021845
2013-12-31,0.9301475028742969
2014-01-02,0.9326090916735025
2014-01-03,0.9240416611708349
2014-01-06,0.9009102336732474
2014-01-07,0.904341411819263
2014-01-08,0.9082865485022416
2014-01-09,0.8974293380836424
2014-01-10,0.8862417625929554
2014-01-13,0.8828929178032432
2014-01-14,0.8955785239126672
2014-01-15,0.8984494781272863
2014-01-16,0.8990149396505056
2014-01-17,0.8878752167032895
2014-01-20,0.8817908411905554
2014-01-21,0.8935663760420637
2014-01-22,0.9159198624390802
2014-01-23,0.9174259478391811
2014-01-24,0.926871706619021
2014-01-27,0.9196691052521455
2014-01-28,0.9194701957990616
2014-01-29,0.9263679455146219
2014-01-30,0.9190050420949918
2014-02-07,0.9303953758751777
2014-02-10,0.9549580546957634
2014-02-11,0.9591131711963601
2014-02-12,0.9664778998373826
2014-02-13,0.9551433940245793
2014-02-14,0.9680524707184375
2014-02-17,0.9821976587611732
2014-02-18,0.9821976587611732
2014-02-19,0.9821976587611732
2014-02-20,0.9821976587611732
2014-02-21,0.9821976587611732
2014-02-24,0.9821976587611732
2014-02-25,0.9821976587611732
2014-02-26,0.9821976587611732
2014-02-27,0.9821976587611732
2014-02-28,0.9821976587611732
2014-03-03,0.9821976587611732
2014-03-04,0.9821976587611732
2014-03-05,0.9821976587611732
2014-03-06,0.9821976587611732
2014-03-07,0.9821976587611732
2014-03-10,0.9821976587611732
2014-03-11,0.9821976587611732
2014-03-12,0.9821976587611732
2014-03-13,0.9821976587611732
2014-03-14,0.9821976587611732
2014-03-17,0.9821976587611732
2014-03-18,0.9821976587611732
2014-03-19,0.9821976587611732
2014-03-20,0.9821976587611732
2014-03-21,0.9821976587611732
2014-03-24,0.9821976587611732
2014-03-25,0.9821976587611732
2014-03-26,0.9821976587611732
2014-03-27,0.9821976587611732
2014-03-28,0.9821976587611732
2014-03-31,0.9821976587611732
2014-04-01,0.9821976587611732
2014-04-02,0.9821976587611732
2014-04-03,0.9821976587611732
2014-04-04,0.9821976587611732
2014-04-08,0.9821976587611732
2014-04-09,0.9821976587611732
2014-04-10,0.992489093160818
2014-04-11,0.9893380874506137
2014-04-14,0.9927215891700316
2014-04-15,0.9807986691602629
2014-04-16,0.9817166953137454
2014-04-17,0.9799196612905833
2014-04-18,0.9819909818496193
2014-04-21,0.9658013731980873
2014-04-22,0.9638615066026163
2014-04-23,0.9614261533172839
2014-04-24,0.9552896489331546
2014-04-25,0.9393696926204808
2014-04-28,0.9156299839879577
2014-04-29,0.927375645961871
2014-04-30,0.9324494710428098
2014-05-05,0.9374363221761836
2014-05-06,0.9411850565479106
2014-05-07,0.9281684660424082
2014-05-08,0.9284418009128235
2014-05-09,0.9231341557663811
2014-05-12,0.9448440447292153
2014-05-13,0.943279092947676
2014-05-14,0.9429533337235192
2014-05-15,0.9272578463287994
2014-05-16,0.9262438674710339
2014-05-19,0.917463305428824
2014-05-20,0.9199048238512579
2014-05-21,0.9287140599875031
2014-05-22,0.9281455019411244
2014-05-23,0.9376904996071497
2014-05-26,0.9458188811729009
2014-05-27,0.9421740438431981
2014-05-28,0.9536007737582011
2014-05-29,0.9446258237018812
2014-05-30,0.9463680748960348
2014-06-03,0.9442660114050099
2014-06-04,0.9358987618091485
2014-06-05,0.9475825241514936
2014-06-06,0.943190174292435
2014-06-09,0.9399639870110009
2014-06-10,0.9523989444142587
2014-06-11,0.955350927913337
2014-06-12,0.9536182761272876
2014-06-13,0.9645868825658697
2014-06-16,0.9645868825658697
2014-06-17,0.9645868825658697
2014-06-18,0.9645868825658697
2014-06-19,0.9645868825658697
2014-06-20,0.9645868825658697
2014-06-23,0.9645868825658697
2014-06-24,0.9645868825658697
2014-06-25,0.9645868825658697
2014-06-26,0.9645868825658697
2014-06-27,0.9645868825658697
2014-06-30,0.9645868825658697
2014-07-01,0.9645868825658697
2014-07-02,0.9645868825658697
2014-07-03,0.9645868825658697
2014-07-04,0.9645868825658697
2014-07-07,0.9645868825658697
2014-07-08,0.9645868825658697
2014-07-09,0.9499235504368648
2014-07-10,0.9493658638144324
2014-07-11,0.9566984532676265
2014-07-14,0.9691485431447086
2014-07-15,0.9678508207069065
2014-07-16,0.9617734778116978
2014-07-17,0.9565788945057226
2014-07-18,0.9595300447642907
2014-07-21,0.9586048092952403
2014-07-22,0.9714948336629001
2014-07-23,0.9673248906260001
2014-07-24,0.9737310803374457
2014-07-25,0.9838898413971574
2014-07-28,1.007442957639517
2014-07-29,1.0155727527122949
2014-07-30,1.016865215849288
2014-07-31,1.027659990980886
2014-08-01,1.016976504260301
2014-08-04,1.0353517384878044
2014-08-05,1.038230262218406
2014-08-06,1.0406477339605251
2014-08-07,1.0280339634010114
2014-08-08,1.0333905813487068
2014-08-11,1.0494404819665857
2014-08-12,1.0510672118099622
2014-08-13,1.05154247595483
2014-08-14,1.0437429328549932
2014-08-15,1.0557130613490806
2014-08-18,1.0678693530328747
2014-08-19,1.0706521253708838
2014-08-20,1.068648813530645
2014-08-21,1.0672545367535622
2014-08-22,1.073992905510001
2014-08-25,1.064840116208859
2014-08-26,1.0496382075886055
2014-08-27,1.0532479347210044
2014-08-28,1.0443133060351022
2014-08-29,1.0567458113797081
2014-09-01,1.0713972598977246
2014-09-02,1.087783434588708
2014-09-03,1.0973473727416483
2014-09-04,1.1071368184720276
2014-09-05,1.114804316988956
2014-09-09,1.1183461148315155
2014-09-10,1.1189665115903125
2014-09-11,1.1167841024912244
2014-09-12,1.1279715185534533
2014-09-15,1.1348302891658189
2014-09-16,1.1026269078072566
2014-09-17,1.1105353706253756
2014-09-18,1.117006237692572
2014-09-19,1.1272113689235395
2014-09-22,1.1096067226328996
2014-09-23,1.123145849103467
2014-09-24,1.141454639492505
2014-09-25,1.140826614740168
2014-09-26,1.1439515628094414
2014-09-29,1.1532239510198214
2014-09-30,1.1590226312668188
2014-10-08,1.1749931606045492
2014-10-09,1.178380029883581
2014-10-10,1.172364554030714
2014-10-13,1.1696197610710664
2014-10-14,1.166033198950628
2014-10-15,1.173114626679689
2014-10-16,1.1585555973255082
2014-10-17,1.150241766871747
2014-10-20,1.1630612925201649
2014-10-21,1.1526934842901266
2014-10-22,1.1414553219971906
2014-10-23,1.1254124873101694
2014-10-24,1.126095513910662
2014-10-27,1.1264598911178607
2014-10-28,1.1543764204016917
2014-10-29,1.1719394339065379
2014-10-30,1.1760226988484241
2014-10-31,1.1830606470143077
2014-11-03,1.191454932726247
2014-11-04,1.1879020943667216
2014-11-05,1.1852158362206588
2014-11-06,1.1915411290532474
2014-11-07,1.184607202630847
2014-11-10,1.2043694871152375
2014-11-11,1.1809702556057111
2014-11-12,1.2003775975064916
2014-11-13,1.1885667334880499
2014-11-14,1.186437158281059
2014-11-17,1.1917975500781897
2014-11-18,1.18879733977696
2014-11-19,1.1924416739116293
2014-11-20,1.191749935339567
2014-11-21,1.209547891045441
2014-11-24,1.232357920275015
2014-11-25,1.2512054075973045
2014-11-26,1.2642581089640355
2014-11-27,1.2770200633348945
2014-11-28,1.2897219974407952
2014-12-01,1.2854803512646207
2014-12-02,1.3179384674600803
2014-12-03,1.3347901103463329
2014-12-04,1.377838330562516
2014-12-05,1.3659008017039782
2014-12-08,1.3991281408269307
2014-12-09,1.333766232876612
2014-12-10,1.383290820344807
2014-12-11,1.3853639483996032
2014-12-12,1.395275923794633
2014-12-15,1.4124061891817625
2014-12-16,1.4329033706227166
2014-12-17,1.438268981573322
2014-12-18,1.4332272793168195
2014-12-19,1.4338151165874014
2014-12-22,1.4046978608257281
2014-12-23,1.375858384470909
2014-12-24,1.3661434923405482
2014-12-25,1.401452671489866
2014-12-26,1.4320263119549705
2014-12-29,1.4227841948347435
2014-12-30,1.4110520195917655
2014-12-31,1.4346577288422155
2015-01-05,1.4672364877776078
2015-01-06,1.4775003144114973
2015-01-07,1.4787238847226252
2015-01-08,1.4561644953018371
2015-01-09,1.4492850889595794
2015-01-12,1.432412529312094
2015-01-13,1.442437880779527
2015-01-14,1.437097080881593
2015-01-15,1.4674451736219243
2015-01-16,1.4835605545422428
2015-01-19,1.3943416150280028
2015-01-20,1.428076777784038
2015-01-21,1.4812971281222946
2015-01-22,1.4969683992292557
2015-01-23,1.4917862214496167
2015-01-26,1.5154651594380495
2015-01-27,1.5116287604555136
2015-01-28,1.496561505994906
2015-01-29,1.4821798877115282
2015-01-30,1.4628656474792685
2015-02-02,1.4413804802855645
2015-02-03,1.4738418484151117
2015-02-04,1.4640753669600208
2015-02-05,1.4538233034951162
2015-02-06,1.4259256033111285
2015-02-09,1.4287592824691828
2015-02-10,1.4520279146998398
2015-02-11,1.4675178402972242
2015-02-12,1.4758865120098033
2015-02-13,1.494856569144078
2015-02-16,1.5166802185142796
2015-02-17,1.52826228287386
2015-02-25,1.5169676734287287
2015-02-26,1.5440387399970024
2015-02-27,1.554342071607962
2015-03-02,1.5789422704793372
2015-03-03,1.5537397010023195
2015-03-04,1.5728045459931603
2015-03-05,1.5680025634704817
2015-03-06,1.553986406372332
2015-03-09,1.5794565979805957
2015-03-10,1.5865956371345495
2015-03-11,1.5871182349866988
2015-03-12,1.5998383156877574
2015-03-13,1.617736639729682
2015-03-16,1.6653940148213233
2015-03-17,1.6898061234309392
2015-03-18,1.727009734849548
2015-03-19,1.7327142695973299
2015-03-20,1.755842707336191
2015-03-23,1.7993824513676822
2015-03-24,1.8073871071990721
2015-03-25,1.8110834321318157
2015-03-26,1.8009355509997318
2015-03-27,1.8170088976609122
2015-03-30,1.8513551831414934
2015-03-31,1.8462706436791645
2015-04-01,1.8890495957233904
2015-04-02,1.9124456555934977
2015-04-03,1.9441757801739137
2015-04-07,1.9903790589601857
2015-04-08,1.9897503115558293
2015-04-09,1.9728517765829736
2015-04-10,2.022214088525442
2015-04-13,2.064350602924274
2015-04-14,2.068524841725957
2015-04-15,2.011060275782123
2015-04-16,2.055276141072586
2015-04-17,2.0821675081719944
2015-04-20,2.0426420158145215
2015-04-21,2.107455270292652
2015-04-22,2.169546254465745
2015-04-23,2.183523107323497
2015-04-24,2.175983759098038
2015-04-27,2.2116431032981696
2015-04-28,2.161654211907404
2015-04-29,2.195255282566475
2015-04-30,2.1963927368452714
2015-05-04,2.215775709314059
2015-05-05,2.133786100308884
2015-05-06,2.113015234489186
2015-05-07,2.069554620853838
2015-05-08,2.139769257557542
2015-05-11,2.2283221126464148
2015-05-12,2.2744024602946915
2015-05-13,2.2786609282039882
2015-05-14,2.2820170044775194
2015-05-15,2.256784766120365
2015-05-18,2.2790406818402698
2015-05-19,2.351366747155807
2015-05-20,2.386853618407269
2015-05-21,2.4590483617919174
2015-05-22,2.5084958663780257
2015-05-25,2.5776863044333336
2015-05-26,2.6604846814904057
2015-05-27,2.682239076708732
2015-05-28,2.5055707315921616
2015-05-29,2.526838661559317
2015-06-01,2.6655146205779228
2015-06-02,2.750788602717354
2015-06-03,2.7588504685002935
2015-06-04,2.762217625438125
2015-06-05,2.800477473077998
2015-06-08,2.802931238010433
2015-06-09,2.7953317089306786
2015-06-10,2.8301243524753446
2015-06-11,2.8633609656325483
2015-06-12,2.9003495880753367
2015-06-15,2.8375475946096604
2015-06-16,2.7253573941708145
2015-06-17,2.779238810517636
2015-06-18,2.6680274823866266
2015-06-19,2.4811177529961075
2015-06-23,2.5239394619514908
2015-06-24,2.5845032816705698
2015-06-25,2.4803670379897818
2015-06-26,2.2618679004259903
2015-06-29,2.1282930617188294
2015-06-30,2.2609920863256114
2015-07-01,2.1260445701072856
2015-07-02,2.1260445701072856
2015-07-03,2.1260445701072856
2015-07-06,2.1260445701072856
2015-07-07,2.1260445701072856
2015-07-08,2.1260445701072856
2015-07-09,2.1260445701072856
2015-07-10,2.1260445701072856
2015-07-13,2.1260445701072856
2015-07-14,2.1260445701072856
2015-07-15,2.1260445701072856
2015-07-16,2.1260445701072856
2015-07-17,2.1260445701072856
2015-07-20,2.1260445701072856
2015-07-21,2.1260445701072856
2015-07-22,2.1260445701072856
2015-07-23,2.1260445701072856
2015-07-24,2.1260445701072856
2015-07-27,2.1260445701072856
2015-07-28,2.1260445701072856
2015-07-29,2.1260445701072856
2015-07-30,2.1260445701072856
2015-07-31,2.1260445701072856
2015-08-03,2.1260445701072856
2015-08-04,2.1260445701072856
2015-08-05,2.1260445701072856
2015-08-06,2.1260445701072856
2015-08-07,2.1260445701072856
2015-08-10,2.1260445701072856
2015-08-11,2.1260445701072856
2015-08-12,2.1260445701072856
2015-08-13,2.1260445701072856
2015-08-14,2.1260445701072856
2015-08-17,2.1260445701072856
2015-08-18,2.1260445701072856
2015-08-19,2.1260445701072856
2015-08-20,2.1260445701072856
2015-08-21,2.1260445701072856
2015-08-24,2.1260445701072856
2015-08-25,2.1260445701072856
2015-08-26,2.1260445701072856
2015-08-27,2.1260445701072856
2015-08-28,2.1260445701072856
2015-08-31,2.1260445701072856
2015-09-01,2.1260445701072856
2015-09-02,2.1260445701072856
2015-09-07,2.1260445701072856
2015-09-08,2.1260445701072856
2015-09-09,2.1260445701072856
2015-09-10,2.1260445701072856
2015-09-11,2.1260445701072856
2015-09-14,2.1260445701072856
2015-09-15,2.1260445701072856
2015-09-16,2.1260445701072856
2015-09-17,2.1260445701072856
2015-09-18,2.1260445701072856
2015-09-21,2.1260445701072856
2015-09-22,2.1260445701072856
2015-09-23,2.1260445701072856
2015-09-24,2.1260445701072856
2015-09-25,2.1260445701072856
2015-09-28,2.1260445701072856
2015-09-29,2.1260445701072856
2015-09-30,2.1260445701072856
2015-10-08,2.1260445701072856
2015-10-09,2.1260445701072856
2015-10-12,2.1260445701072856
2015-10-13,2.1260445701072856
2015-10-14,2.1260445701072856
2015-10-15,2.1260445701072856
2015-10-16,2.1260445701072856
2015-10-19,2.1260445701072856
2015-10-20,2.1260445701072856
2015-10-21,2.1260445701072856
2015-10-22,2.1260445701072856
2015-10-23,2.1260445701072856
2015-10-26,2.1260445701072856
2015-10-27,2.1260445701072856
2015-10-28,2.1260445701072856
2015-10-29,2.1260445701072856
2015-10-30,2.1260445701072856
2015-11-02,2.1260445701072856
2015-11-03,2.1260445701072856
2015-11-04,2.1260445701072856
2015-11-05,2.1260445701072856
2015-11-06,2.1260445701072856
2015-11-09,2.1260445701072856
2015-11-10,2.1260445701072856
2015-11-11,2.1260445701072856
2015-11-12,2.1260445701072856
2015-11-13,2.1260445701072856
2015-11-16,2.1260445701072856
2015-11-17,2.1260445701072856
2015-11-18,2.1260445701072856
2015-11-19,2.1260445701072856
2015-11-20,2.1260445701072856
2015-11-23,2.1260445701072856
2015-11-24,2.1260445701072856
2015-11-25,2.1260445701072856
2015-11-26,2.1260445701072856
2015-11-27,2.1260445701072856
2015-11-30,2.1260445701072856
2015-12-01,2.1260445701072856
2015-12-02,2.1260445701072856
2015-12-03,2.1260445701072856
2015-12-04,2.1260445701072856
2015-12-07,2.1260445701072856
2015-12-08,2.1260445701072856
2015-12-09,2.1260445701072856
2015-12-10,2.1260445701072856
2015-12-11,2.1260445701072856
2015-12-14,2.1260445701072856
2015-12-15,2.1260445701072856
2015-12-16,2.1260445701072856
2015-12-17,2.1260445701072856
2015-12-18,2.1260445701072856
2015-12-21,2.1260445701072856
2015-12-22,2.1260445701072856
2015-12-23,2.1260445701072856
2015-12-24,2.1260445701072856
2015-12-25,2.1260445701072856
2015-12-28,2.1260445701072856
2015-12-29,2.1260445701072856
2015-12-30,2.1260445701072856
2015-12-31,2.1260445701072856
2016-01-04,2.1260445701072856
2016-01-05,2.1260445701072856
2016-01-06,2.1260445701072856
2016-01-07,2.1260445701072856
2016-01-08,2.1260445701072856
2016-01-11,2.1260445701072856
2016-01-12,2.1260445701072856
2016-01-13,2.1260445701072856
2016-01-14,2.1260445701072856
2016-01-15,2.1260445701072856
2016-01-18,2.1260445701072856
2016-01-19,2.1260445701072856
2016-01-20,2.1260445701072856
2016-01-21,2.1260445701072856
2016-01-22,2.1260445701072856
2016-01-25,2.1260445701072856
2016-01-26,2.1260445701072856
2016-01-27,2.1260445701072856
2016-01-28,2.1260445701072856
2016-01-29,2.1260445701072856
2016-02-01,2.1260445701072856
2016-02-02,2.1260445701072856
2016-02-03,2.1260445701072856
2016-02-04,2.1260445701072856
2016-02-05,2.1260445701072856
2016-02-15,2.1260445701072856
2016-02-16,2.1260445701072856
2016-02-17,2.1260445701072856
2016-02-18,2.1260445701072856
2016-02-19,2.1260445701072856
2016-02-22,2.1260445701072856
2016-02-23,2.1260445701072856
2016-02-24,2.1260445701072856
2016-02-25,2.1260445701072856
2016-02-26,2.1260445701072856
2016-02-29,2.1260445701072856
2016-03-01,2.1260445701072856
2016-03-02,2.1260445701072856
2016-03-03,2.1260445701072856
2016-03-04,2.1260445701072856
2016-03-07,2.1260445701072856
2016-03-08,2.1260445701072856
2016-03-09,2.1260445701072856
2016-03-10,2.1260445701072856
2016-03-11,2.1260445701072856
2016-03-14,2.1260445701072856
2016-03-15,2.1260445701072856
2016-03-16,2.1260445701072856
2016-03-17,2.1260445701072856
2016-03-18,2.1260445701072856
2016-03-21,2.1260445701072856
2016-03-22,2.1260445701072856
2016-03-23,2.1260445701072856
2016-03-24,2.1260445701072856
2016-03-25,2.1260445701072856
2016-03-28,2.1260445701072856
2016-03-29,2.1260445701072856
2016-03-30,2.1260445701072856
2016-03-31,2.1260445701072856
2016-04-01,2.1260445701072856
2016-04-05,2.1260445701072856
2016-04-06,2.1260445701072856
2016-04-07,2.1260445701072856
2016-04-08,2.1260445701072856
2016-04-11,2.1260445701072856
2016-04-12,2.1260445701072856
2016-04-13,2.1260445701072856
2016-04-14,2.1260445701072856
2016-04-15,2.1260445701072856
2016-04-18,2.1260445701072856
2016-04-19,2.1260445701072856
2016-04-20,2.1260445701072856
2016-04-21,2.1260445701072856
2016-04-22,2.1260445701072856
2016-04-25,2.1260445701072856
2016-04-26,2.1260445701072856
2016-04-27,2.1260445701072856
2016-04-28,2.1260445701072856
2016-04-29,2.1260445701072856
2016-05-03,2.1260445701072856
2016-05-04,2.1260445701072856
2016-05-05,2.1260445701072856
2016-05-06,2.1260445701072856
2016-05-09,2.1260445701072856
2016-05-10,2.1260445701072856
2016-05-11,2.1260445701072856
2016-05-12,2.1260445701072856
2016-05-13,2.1260445701072856
2016-05-16,2.1260445701072856
2016-05-17,2.1260445701072856
2016-05-18,2.1260445701072856
2016-05-19,2.1260445701072856
2016-05-20,2.1260445701072856
2016-05-23,2.1260445701072856
2016-05-24,2.1260445701072856
2016-05-25,2.1260445701072856
2016-05-26,2.1260445701072856
2016-05-27,2.1260445701072856
2016-05-30,2.1260445701072856
2016-05-31,2.1260445701072856
2016-06-01,2.1260445701072856
2016-06-02,2.1260445701072856
2016-06-03,2.1260445701072856
2016-06-06,2.1260445701072856
2016-06-07,2.1260445701072856
2016-06-08,2.1260445701072856
2016-06-13,2.1260445701072856
2016-06-14,2.1260445701072856
2016-06-15,2.1260445701072856
2016-06-16,2.1260445701072856
2016-06-17,2.1260445701072856
2016-06-20,2.1260445701072856
2016-06-21,2.1260445701072856
2016-06-22,2.1260445701072856
2016-06-23,2.1260445701072856
2016-06-24,2.1260445701072856
2016-06-27,2.1260445701072856
2016-06-28,2.1260445701072856
2016-06-29,2.1260445701072856
2016-06-30,2.1260445701072856
2016-07-01,2.1260445701072856
2016-07-04,2.1260445701072856
2016-07-05,2.1260445701072856
2016-07-06,2.1260445701072856
2016-07-07,2.1260445701072856
2016-07-08,2.1260445701072856
2016-07-11,2.1260445701072856
2016-07-12,2.1260445701072856
2016-07-13,2.1260445701072856
2016-07-14,2.1260445701072856
2016-07-15,2.1260445701072856
2016-07-18,2.1260445701072856
2016-07-19,2.1260445701072856
2016-07-20,2.1260445701072856
2016-07-21,2.1260445701072856
2016-07-22,2.1260445701072856
2016-07-25,2.1260445701072856
2016-07-26,2.1260445701072856
2016-07-27,2.1260445701072856
2016-07-28,2.1260445701072856
2016-07-29,2.1260445701072856
2016-08-01,2.1260445701072856
2016-08-02,2.1260445701072856
2016-08-03,2.1260445701072856
2016-08-04,2.1260445701072856
2016-08-05,2.1260445701072856
2016-08-08,2.1260445701072856
2016-08-09,2.1260445701072856
2016-08-10,2.1260445701072856
2016-08-11,2.1041691216033374
2016-08-12,2.135846587681896
2016-08-15,2.1938180849609825
2016-08-16,2.1982410706022137
2016-08-17,2.201986255809867
2016-08-18,2.200362935664458
2016-08-19,2.20397137654511
2016-08-22,2.1792110377316196
2016-08-23,2.1848861803449706
2016-08-24,2.185826234332406
2016-08-25,2.171358259423769
2016-08-26,2.175991422411424
2016-08-29,2.179001366470789
2016-08-30,2.180973632631991
2016-08-31,2.1876241540071097
2016-09-01,2.1702112670377
2016-09-02,2.168611429263768
2016-09-05,2.176729497639029
2016-09-06,2.2032850738735847
2016-09-07,2.202869780036659
2016-09-08,2.2081538197043895
2016-09-09,2.1932163998004657
2016-09-12,2.1382388542760316
2016-09-13,2.14726261342702
2016-09-14,2.134562395491794
2016-09-19,2.156880770105999
2016-09-20,2.155403708696724
2016-09-21,2.1604634006214507
2016-09-22,2.175121157627148
2016-09-23,2.165726285911429
2016-09-26,2.121478817720507
2016-09-27,2.1367395757092615
2016-09-28,2.1319340905774764
2016-09-29,2.1404557622124836
2016-09-30,2.1496745161421305
2016-10-10,2.1884098518889363
2016-10-11,2.2013222209043963
2016-10-12,2.20059391312872
2016-10-13,2.2029628997856157
2016-10-14,2.201776888200391
2016-10-17,2.1817884810439256
2016-10-18,2.214932481951442
2016-10-19,2.2129190710315974
2016-10-20,2.2171712527854757
2016-10-21,2.214350736563256
2016-10-24,2.2377319415295545
2016-10-25,2.2440029999276723
2016-10-26,2.2349804047735455
2016-10-27,2.2322683426937253
2016-10-28,2.2191524260530997
2016-10-31,2.217484469158462
2016-11-01,2.238257460808452
2016-11-02,2.2232988865267758
2016-11-03,2.239409210399087
2016-11-04,2.23402810351478
2016-11-07,2.2362505277841866
2016-11-08,2.2484958253806218
2016-11-09,2.2356164025372114
2016-11-10,2.264826751962555
2016-11-11,2.279469883094639
2016-11-14,2.287571402471036
2016-11-15,2.2936287915321447
2016-11-16,2.2946264380599675
2016-11-17,2.2929051397439166
2016-11-18,2.2840811831847123
2016-11-21,2.294607257416024
2016-11-22,2.3139263157683
2016-11-23,2.308651385641228
2016-11-24,2.3061732363221035
2016-11-25,2.3185026453439552
2016-11-28,2.3224484428803405
2016-11-29,2.316114781694472
2016-11-30,2.3048740133899135
2016-12-01,2.3197368362775532
2016-12-02,2.28779696481946
2016-12-05,2.264489496523939
2016-12-06,2.2653238798397313
2016-12-07,2.2840195925681455
2016-12-08,2.2762852888974185
2016-12-09,2.2784988566689623
2016-12-12,2.2784988566689623
2016-12-13,2.2784988566689623
2016-12-14,2.2784988566689623
2016-12-15,2.2784988566689623
2016-12-16,2.2784988566689623
2016-12-19,2.2784988566689623
2016-12-20,2.2784988566689623
2016-12-21,2.2784988566689623
2016-12-22,2.2784988566689623
2016-12-23,2.2784988566689623
2016-12-26,2.2784988566689623
2016-12-27,2.2784988566689623
2016-12-28,2.2784988566689623
2016-12-29,2.2784988566689623
2016-12-30,2.2784988566689623
2017-01-03,2.2784988566689623
2017-01-04,2.2784988566689623
2017-01-05,2.2784988566689623
2017-01-06,2.2784988566689623
2017-01-09,2.2784988566689623
2017-01-10,2.2784988566689623
2017-01-11,2.2784988566689623
2017-01-12,2.2784988566689623
2017-01-13,2.2784988566689623
2017-01-16,2.2784988566689623
2017-01-17,2.2784988566689623
2017-01-18,2.2784988566689623
2017-01-19,2.2784988566689623
2017-01-20,2.2784988566689623
2017-01-23,2.2784988566689623
2017-01-24,2.274646747999273
2017-01-25,2.2817769530235195
2017-01-26,2.2937633481163586
2017-02-03,2.282876800953295
2017-02-06,2.299268189707153
2017-02-07,2.298012714495731
2017-02-08,2.312488932687612
2017-02-09,2.3261949638935975
2017-02-10,2.3292220398984287
2017-02-13,2.344719412074103
2017-02-14,2.3443001734113733
2017-02-15,2.3297112228073837
2017-02-16,2.3444231493744163
2017-02-17,2.327250209695345
2017-02-20,2.3532940111319576
2017-02-21,2.3682707228202844
2017-02-22,2.375840386849991
2017-02-23,2.371253890270849
2017-02-24,2.3755257177697184
2017-02-27,2.3579847571825896
2017-02-28,2.366198911291932
2017-03-01,2.371728508130819
2017-03-02,2.357873785380798
2017-03-03,2.3590862056671984
2017-03-06,2.379671528251361
2017-03-07,2.3856817183549293
2017-03-08,2.3795745879802763
2017-03-09,2.3633365323794706
2017-03-10,2.364506644666438
2017-03-13,2.3837854876918154
2017-03-14,2.3817564109775193
2017-03-15,2.3827800724972183
2017-03-16,2.402777297883713
2017-03-17,2.381917746904739
2017-03-20,2.3881245384936935
2017-03-21,2.3963745983831344
2017-03-22,2.386081270193206
2017-03-23,2.390130513866559
2017-03-24,2.402845854982416
2017-03-27,2.3964102374040945
2017-03-28,2.3896086262871723
2017-03-29,2.3783231141559376
2017-03-30,2.3435576226722694
2017-03-31,2.352422135562304
2017-04-05,2.39344536963046
2017-04-06,2.401398099783658
2017-04-07,2.403633488015997
2017-04-10,2.3880153273022184
2017-04-11,2.403323887359364
2017-04-12,2.3890647577547375
2017-04-13,2.396003269661755
2017-04-14,2.368690868464085
2017-04-17,2.34558563235001
2017-04-18,2.3286343695153824
2017-04-19,2.3093110310656324
2017-04-20,2.308347817166813
2017-04-21,2.302736805438727
2017-04-24,2.2567970403847553
2017-04-25,2.264775005952496
2017-04-26,2.2706044400635315
2017-04-27,2.2784945885227392
2017-04-28,2.283334399580202
2017-05-02,2.2805595710171347
2017-05-03,2.274101438967488
2017-05-04,2.2673591550830623
2017-05-05,2.2440031653784005
2017-05-08,2.2118840846083225
2017-05-09,2.2189833989242818
2017-05-10,2.1921707442974685
2017-05-11,2.1921607675056727
2017-05-12,2.2011750923281257
2017-05-15,2.2098882460827354
2017-05-16,2.243573896572047
2017-05-17,2.2423784955187096
2017-05-18,2.2302121447107544
2017-05-19,2.2309388499570058
2017-05-22,2.2107249627978787
2017-05-23,2.1820493156966614
2017-05-24,2.1888836314840154
2017-05-25,2.2181467889127946
2017-05-26,2.217392394067923
2017-05-31,2.2185185444487963
2017-06-01,2.1909660066742687
2017-06-02,2.2007123185739235
2017-06-05,2.206061532883071
2017-06-06,2.2179235648653446
2017-06-07,2.2556170046578203
2017-06-08,2.2635577840015952
2017-06-09,2.2703530996028394
2017-06-12,2.2533212755082577
2017-06-13,2.2721596991952753
2017-06-14,2.2599530144055144
2017-06-15,2.2714886932572305
2017-06-16,2.2679197227375925
2017-06-19,2.286099358055128
2017-06-20,2.285666568028141
2017-06-21,2.298845803286584
2017-06-22,2.280433607351736
2017-06-23,2.2916459741270785
2017-06-26,2.3211002911548086
2017-06-27,2.3255860594830935
2017-06-28,2.310087300159896
2017-06-29,2.322487812139997
2017-06-30,2.3250633716262894
2017-07-03,2.32999302716174
2017-07-04,2.31782726322389
2017-07-05,2.3405180089879076
2017-07-06,2.3433338651065405
2017-07-07,2.3484271506978067
2017-07-10,2.3423277563381824
2017-07-11,2.333475781127677
2017-07-12,2.330069266923643
2017-07-13,2.3405401499964382
2017-07-14,2.3404990157372163
2017-07-17,2.2698777881691066
2017-07-18,2.282033468611505
2017-07-19,2.3194904531032408
2017-07-20,2.331148521047894
2017-07-21,2.327387964114683
2017-07-24,2.339781326949861
2017-07-25,2.3303930058146394
2017-07-26,2.3265001363485225
2017-07-27,2.342087299650359
2017-07-28,2.346690762110736
2017-07-31,2.3625857654588884
2017-08-01,2.372893551994146
2017-08-02,2.361757691739846
2017-08-03,2.356271469936948
2017-08-04,2.3448230746754875
2017-08-07,2.3616653397259513
2017-08-08,2.366919854540782
2017-08-09,2.370899420727049
2017-08-10,2.356418400870667
2017-08-11,2.315365609889918
2017-08-14,2.3527585188364846
2017-08-15,2.3614593483188764
2017-08-16,2.3649342595661302
2017-08-17,2.3808018934266286
2017-08-18,2.3780649980131163
2017-08-21,2.393382414473674
2017-08-22,2.3900760416503912
2017-08-23,2.3835304659550056
2017-08-24,2.369711702336912
2017-08-25,2.4013171650609095
2017-08-28,2.430424908615352
2017-08-29,2.4270971950609557
2017-08-30,2.4326401298567886
2017-08-31,2.4346487194692155
2017-09-01,2.4468665014391555
2017-09-04,2.458539401191933
2017-09-05,2.463265626208042
2017-09-06,2.4679103829831246
2017-09-07,2.4560058829459352
2017-09-08,2.458590458891123
2017-09-11,2.472283899065751
2017-09-12,2.472919105927352
2017-09-13,2.480761184389726
2017-09-14,2.4755398544117773
2017-09-15,2.4680154860838597
2017-09-18,2.4814534243552284
2017-09-19,2.472778310453829
2017-09-20,2.4870612349736474
2017-09-21,2.4710013744776416
2017-09-22,2.4647125811293824
2017-09-25,2.4416150810303363
2017-09-26,2.445014819552242
2017-09-27,2.45602092816137
2017-09-28,2.451518514062817
2017-09-29,2.4657894877732107
2017-10-09,2.4942065385651566
2017-10-10,2.506225424921116
2017-10-11,2.504340558197321
2017-10-12,2.5039510898544948
2017-10-13,2.5142999572971463
2017-10-16,2.4888231790862263
2017-10-17,2.4878882416561323
2017-10-18,2.485112879574788
2017-10-19,2.468307640692806
2017-10-20,2.482162896961105
2017-10-23,2.4914914106973804
2017-10-24,2.4939149174744872
2017-10-25,2.508405807419009
2017-10-26,2.5184188784575863
2017-10-27,2.5179328433064705
2017-10-30,2.48419394769303
2017-10-31,2.4930530186966307
2017-11-01,2.4906503191323597
2017-11-02,2.476831128699644
2017-11-03,2.46523761646661
2017-11-06,2.4868119752342395
2017-11-07,2.5042320939314364
2017-11-08,2.5062997973690493
2017-11-09,2.5224132764519784
2017-11-10,2.5362856053051677
2017-11-13,2.5449066738050217
2017-11-14,2.5266871846721313
2017-11-15,2.5061802359229843
2017-11-16,2.5131529997034394
2017-11-17,2.4748393449129695
2017-11-20,2.489566049936298
2017-11-21,2.51131300186681
2017-11-22,2.5132673326703805
2017-11-23,2.446621616549626
2017-11-24,2.447553619629191
2017-11-27,2.4172404982296154
2017-11-28,2.4376584027781902
2017-11-29,2.4401275253680526
2017-11-30,2.4194711915011093
2017-12-01,2.4194711915011093
2017-12-04,2.4194711915011093
2017-12-05,2.4194711915011093
2017-12-06,2.4194711915011093
2017-12-07,2.4194711915011093
2017-12-08,2.4194711915011093
2017-12-11,2.4194711915011093
2017-12-12,2.4194711915011093
2017-12-13,2.4194711915011093
2017-12-14,2.4194711915011093
2017-12-15,2.4194711915011093
2017-12-18,2.4194711915011093
2017-12-19,2.4194711915011093
2017-12-20,2.4194711915011093
2017-12-21,2.4194711915011093
2017-12-22,2.4194711915011093
2017-12-25,2.4194711915011093
2017-12-26,2.4194711915011093
2017-12-27,2.4194711915011093
2017-12-28,2.4194711915011093
2017-12-29,2.4194711915011093
2018-01-02,2.4194711915011093
2018-01-03,2.4194711915011093
2018-01-04,2.4194711915011093
2018-01-05,2.4194711915011093
2018-01-08,2.4194711915011093
2018-01-09,2.4194711915011093
2018-01-10,2.4194711915011093
2018-01-11,2.4194711915011093
2018-01-12,2.4194711915011093
2018-01-15,2.4194711915011093
2018-01-16,2.4194711915011093
2018-01-17,2.4194711915011093
2018-01-18,2.4194711915011093
2018-01-19,2.4194711915011093
2018-01-22,2.4194711915011093
2018-01-23,2.4194711915011093
2018-01-24,2.4194711915011093
2018-01-25,2.4194711915011093
2018-01-26,2.4194711915011093
2018-01-29,2.4194711915011093
2018-01-30,2.4194711915011093
2018-01-31,2.4194711915011093
2018-02-01,2.3670999088738984
2018-02-02,2.371047121955521
2018-02-05,2.3691240708531938
2018-02-06,2.277735814013409
2018-02-07,2.2517307691284416
2018-02-08,2.2514818808159065
2018-02-09,2.167308284446238
2018-02-12,2.2064373004413986
2018-02-13,2.2064373004413986
2018-02-14,2.2064373004413986
2018-02-22,2.2064373004413986
2018-02-23,2.2064373004413986
2018-02-26,2.2064373004413986
2018-02-27,2.2064373004413986
2018-02-28,2.2064373004413986
2018-03-01,2.2064373004413986
2018-03-02,2.2064373004413986
2018-03-05,2.2064373004413986
2018-03-06,2.2064373004413986
2018-03-07,2.2064373004413986
2018-03-08,2.2064373004413986
2018-03-09,2.2064373004413986
2018-03-12,2.2064373004413986
2018-03-13,2.2064373004413986
2018-03-14,2.2064373004413986
2018-03-15,2.2064373004413986
2018-03-16,2.2064373004413986
2018-03-19,2.2064373004413986
2018-03-20,2.2064373004413986
2018-03-21,2.2064373004413986
2018-03-22,2.2064373004413986
2018-03-23,2.2064373004413986
2018-03-26,2.2064373004413986
2018-03-27,2.2064373004413986
2018-03-28,2.2064373004413986
2018-03-29,2.2064373004413986
2018-03-30,2.2064373004413986
2018-04-02,2.2064373004413986
2018-04-03,2.2064373004413986
2018-04-04,2.2064373004413986
2018-04-09,2.2064373004413986
2018-04-10,2.2064373004413986
2018-04-11,2.2064373004413986
2018-04-12,2.2064373004413986
2018-04-13,2.2064373004413986
2018-04-16,2.2064373004413986
2018-04-17,2.2064373004413986
2018-04-18,2.2064373004413986
2018-04-19,2.2064373004413986
2018-04-20,2.2064373004413986
2018-04-23,2.2064373004413986
2018-04-24,2.2064373004413986
2018-04-25,2.2064373004413986
2018-04-26,2.2064373004413986
2018-04-27,2.2064373004413986
2018-05-02,2.2064373004413986
2018-05-03,2.2064373004413986
2018-05-04,2.2064373004413986
2018-05-07,2.2064373004413986
2018-05-08,2.2064373004413986
2018-05-09,2.2064373004413986
2018-05-10,2.2064373004413986
2018-05-11,2.2064373004413986
2018-05-14,2.2064373004413986
2018-05-15,2.2064373004413986
2018-05-16,2.2064373004413986
2018-05-17,2.2064373004413986
2018-05-18,2.2064373004413986
2018-05-21,2.2064373004413986
2018-05-22,2.2064373004413986
2018-05-23,2.2064373004413986
2018-05-24,2.2064373004413986
2018-05-25,2.2064373004413986
2018-05-28,2.2064373004413986
2018-05-29,2.2064373004413986
2018-05-30,2.2064373004413986
2018-05-31,2.2064373004413986
2018-06-01,2.2064373004413986
2018-06-04,2.2064373004413986
2018-06-05,2.2064373004413986
2018-06-06,2.2064373004413986
2018-06-07,2.2064373004413986
2018-06-08,2.2064373004413986
2018-06-11,2.2064373004413986
2018-06-12,2.2064373004413986
2018-06-13,2.2064373004413986
2018-06-14,2.2064373004413986
2018-06-15,2.2064373004413986
2018-06-19,2.2064373004413986
2018-06-20,2.2064373004413986
2018-06-21,2.2064373004413986
2018-06-22,2.2064373004413986
2018-06-25,2.2064373004413986
2018-06-26,2.2064373004413986
2018-06-27,2.2064373004413986
2018-06-28,2.2064373004413986
2018-06-29,2.2064373004413986
2018-07-02,2.2064373004413986
2018-07-03,2.2064373004413986
2018-07-04,2.2064373004413986
2018-07-05,2.2064373004413986
2018-07-06,2.2064373004413986
2018-07-09,2.2064373004413986
2018-07-10,2.2064373004413986
2018-07-11,2.2064373004413986
2018-07-12,2.2064373004413986
2018-07-13,2.2064373004413986
2018-07-16,2.2064373004413986
2018-07-17,2.2064373004413986
2018-07-18,2.2064373004413986
2018-07-19,2.2064373004413986
2018-07-20,2.2064373004413986
2018-07-23,2.2064373004413986
2018-07-24,2.2064373004413986
2018-07-25,2.2064373004413986
2018-07-26,2.2064373004413986
2018-07-27,2.2064373004413986
2018-07-30,2.2064373004413986
2018-07-31,2.2064373004413986
2018-08-01,2.2064373004413986
2018-08-02,2.2064373004413986
2018-08-03,2.2064373004413986
2018-08-06,2.2064373004413986
2018-08-07,2.2064373004413986
2018-08-08,2.2064373004413986
2018-08-09,2.2064373004413986
2018-08-10,2.2064373004413986
2018-08-13,2.2064373004413986
2018-08-14,2.2064373004413986
2018-08-15,2.2064373004413986
2018-08-16,2.2064373004413986
2018-08-17,2.2064373004413986
2018-08-20,2.2064373004413986
2018-08-21,2.2064373004413986
2018-08-22,2.2064373004413986
2018-08-23,2.2064373004413986
2018-08-24,2.2064373004413986
2018-08-27,2.2064373004413986
2018-08-28,2.2064373004413986
2018-08-29,2.2064373004413986
2018-08-30,2.2064373004413986
2018-08-31,2.2064373004413986
2018-09-03,2.2064373004413986
2018-09-04,2.2064373004413986
2018-09-05,2.2064373004413986
2018-09-06,2.2064373004413986
2018-09-07,2.2064373004413986
2018-09-10,2.2064373004413986
2018-09-11,2.2064373004413986
2018-09-12,2.2064373004413986
2018-09-13,2.2064373004413986
2018-09-14,2.2064373004413986
2018-09-17,2.2064373004413986
2018-09-18,2.2064373004413986
2018-09-19,2.2064373004413986
2018-09-20,2.2064373004413986
2018-09-21,2.2064373004413986
2018-09-25,2.2064373004413986
2018-09-26,2.2064373004413986
2018-09-27,2.2064373004413986
2018-09-28,2.2064373004413986
2018-10-08,2.2064373004413986
2018-10-09,2.2064373004413986
2018-10-10,2.2064373004413986
2018-10-11,2.2064373004413986
2018-10-12,2.2064373004413986
2018-10-15,2.2064373004413986
2018-10-16,2.2064373004413986
2018-10-17,2.2064373004413986
2018-10-18,2.2064373004413986
2018-10-19,2.2064373004413986
2018-10-22,2.2064373004413986
2018-10-23,2.2064373004413986
2018-10-24,2.2064373004413986
2018-10-25,2.2064373004413986
2018-10-26,2.2064373004413986
2018-10-29,2.2064373004413986
2018-10-30,2.2064373004413986
2018-10-31,2.2064373004413986
2018-11-01,2.2064373004413986
2018-11-02,2.2064373004413986
2018-11-05,2.2064373004413986
2018-11-06,2.2064373004413986
2018-11-07,2.2064373004413986
2018-11-08,2.2064373004413986
2018-11-09,2.2064373004413986
2018-11-12,2.2064373004413986
2018-11-13,2.2064373004413986
2018-11-14,2.2064373004413986
2018-11-15,2.2064373004413986
2018-11-16,2.2064373004413986
2018-11-19,2.2064373004413986
2018-11-20,2.2064373004413986
2018-11-21,2.2064373004413986
2018-11-22,2.2064373004413986
2018-11-23,2.2064373004413986
2018-11-26,2.2064373004413986
2018-11-27,2.2064373004413986
2018-11-28,2.2064373004413986
2018-11-29,2.2064373004413986
2018-11-30,2.2064373004413986
2018-12-03,2.2064373004413986
2018-12-04,2.2064373004413986
2018-12-05,2.2064373004413986
2018-12-06,2.2064373004413986
2018-12-07,2.2064373004413986
2018-12-10,2.2064373004413986
2018-12-11,2.2064373004413986
2018-12-12,2.2064373004413986
2018-12-13,2.2064373004413986
2018-12-14,2.2064373004413986
2018-12-17,2.2064373004413986
2018-12-18,2.2064373004413986
2018-12-19,2.2064373004413986
2018-12-20,2.2064373004413986
2018-12-21,2.2064373004413986
2018-12-24,2.2064373004413986
2018-12-25,2.2064373004413986
2018-12-26,2.2064373004413986
2018-12-27,2.2064373004413986
2018-12-28,2.2064373004413986
2019-01-02,2.2064373004413986
2019-01-03,2.2064373004413986
2019-01-04,2.2064373004413986
2019-01-07,2.2064373004413986
2019-01-08,2.2064373004413986
2019-01-09,2.2064373004413986
2019-01-10,2.2064373004413986
2019-01-11,2.2064373004413986
2019-01-14,2.2064373004413986
2019-01-15,2.2064373004413986
2019-01-16,2.2064373004413986
2019-01-17,2.2064373004413986
2019-01-18,2.2064373004413986
2019-01-21,2.2064373004413986
2019-01-22,2.2064373004413986
2019-01-23,2.2064373004413986
2019-01-24,2.2064373004413986
2019-01-25,2.2064373004413986
2019-01-28,2.2064373004413986
2019-01-29,2.2064373004413986
2019-01-30,2.2064373004413986
2019-01-31,2.2064373004413986
2019-02-01,2.2064373004413986
2019-02-11,2.2064373004413986
2019-02-12,2.2064373004413986
2019-02-13,2.2064373004413986
2019-02-14,2.2064373004413986
2019-02-15,2.2064373004413986
2019-02-18,2.2064373004413986
2019-02-19,2.2064373004413986
2019-02-20,2.2064373004413986
2019-02-21,2.2064373004413986
2019-02-22,2.2064373004413986
2019-02-25,2.2064373004413986
2019-02-26,2.2064373004413986
2019-02-27,2.2064373004413986
2019-02-28,2.2064373004413986
2019-03-01,2.2064373004413986
2019-03-04,2.2064373004413986
2019-03-05,2.2064373004413986
2019-03-06,2.2064373004413986
2019-03-07,2.2064373004413986
2019-03-08,2.2064373004413986
2019-03-11,2.2064373004413986
2019-03-12,2.2064373004413986
2019-03-13,2.2064373004413986
2019-03-14,2.2064373004413986
2019-03-15,2.2357930288303405
2019-03-18,2.2948350500210166
2019-03-19,2.294273911088502
2019-03-20,2.293954323827015
2019-03-21,2.3078925888667774
2019-03-22,2.3120801547200234
2019-03-25,2.2732206043642442
2019-03-26,2.2294789931370578
2019-03-27,2.249626250140048
2019-03-28,2.2292127157044295
2019-03-29,2.3049442999219165
2019-04-01,2.3778319868166
2019-04-02,2.3833344197636976
2019-04-03,2.41110389544684
2019-04-04,2.4294324232426456
2019-04-08,2.4235280743992784
2019-04-09,2.4315779128992983
2019-04-10,2.432759478249837
2019-04-11,2.3841017878506667
2019-04-12,2.380976234214942
2019-04-15,2.3662323440856463
2019-04-16,2.4225184481909525
2019-04-17,2.4325571617433734
2019-04-18,2.420939803411799
2019-04-19,2.44407029147989
2019-04-22,2.4017432655279585
2019-04-23,2.379595178159266
2019-04-24,2.3948737968471465
2019-04-25,2.3224257937702983
2019-04-26,2.292238247287225
2019-04-29,2.257216298158952
2019-04-30,2.2717458077838155
2019-05-06,2.1222099445377385
2019-05-07,2.1460772059592124
2019-05-08,2.1259190261472516
2019-05-09,2.0958149494879574
2019-05-10,2.17190459533883
2019-05-13,2.1452444097030843
2019-05-14,2.1304975307454623
2019-05-15,2.177938061565855
2019-05-16,2.1898778873025755
2019-05-17,2.1254128816559246
2019-05-20,2.1116997569025657
2019-05-21,2.1447276684567846
2019-05-22,2.134459847627637
2019-05-23,2.093178150796938
2019-05-24,2.0875152449399312
2019-05-27,2.1290527311329535
2019-05-28,2.141538806002894
2019-05-29,2.1419613719857753
2019-05-30,2.1300679002592653
2019-05-31,2.1267750265796503
2019-06-03,2.113785796046708
2019-06-04,2.0885170458522784
2019-06-05,2.0882523443473127
2019-06-06,2.0550874357711226
2019-06-10,2.07977923341408
2019-06-11,2.1493349744915857
2019-06-12,2.136217115655984
2019-06-13,2.140951365381116
2019-06-14,2.1119285924676254
2019-06-17,2.111988912457466
2019-06-18,2.115271026355109
2019-06-19,2.145272396004675
2019-06-20,2.1964144005079342
2019-06-21,2.214890576423015
2019-06-24,2.2167765270963553
2019-06-25,2.194401234432598
2019-06-26,2.192121193158968
2019-06-27,2.2131375470966566
2019-06-28,2.1985100039027192
2019-07-01,2.2618241476170837
2019-07-02,2.2616899220541056
2019-07-03,2.2395216736798003
2019-07-04,2.229906830326257
2019-07-05,2.2408126844893816
2019-07-08,2.1787365678097395
2019-07-09,2.1798312941118407
2019-07-10,2.1711228265335647
2019-07-11,2.171998933629245
2019-07-12,2.184194331358955
2019-07-15,2.1998374240755374
2019-07-16,2.196892232643669
2019-07-17,2.1964060317886225
2019-07-18,2.168207795096616
2019-07-19,2.1866979913336597
2019-07-22,2.152597742518613
2019-07-23,2.166902111857073
2019-07-24,2.1877138669103036
2019-07-25,2.200952800464251
2019-07-26,2.2047632305251623
2019-07-29,2.203179423224356
2019-07-30,2.2126364564423167
2019-07-31,2.1960381341929303
2019-08-01,2.181332990147198
2019-08-02,2.150405083716752
2019-08-05,2.1174296125140604
2019-08-06,2.080726474623905
2019-08-07,2.073118113238716
2019-08-08,2.0944031356716937
2019-08-09,2.0724905679750445
2019-08-12,2.108748261760046
2019-08-13,2.0938677006627784
2019-08-14,2.104443370809444
2019-08-15,2.113162761196691
2019-08-16,2.1228511297270396
2019-08-19,2.177943495799173
2019-08-20,2.1781089682037345
2019-08-21,2.176976637007066
2019-08-22,2.183353818491514
2019-08-23,2.190147044878861
2019-08-26,2.1666375733791066
2019-08-27,2.1998213930872463
2019-08-28,2.19375434329831
2019-08-29,2.189804362125768
2019-08-30,2.179753475890713
2019-09-02,2.2190293428610564
2019-09-03,2.2283600844966847
2019-09-04,2.247455926037125
2019-09-05,2.2689040841543373
2019-09-06,2.2793431376753643
2019-09-09,2.310691871134029
2019-09-10,2.3069868108571727
2019-09-11,2.2914869645308777
2019-09-12,2.3096756695033864
2019-09-16,2.309308097961693
2019-09-17,2.2647447763143487
2019-09-18,2.2707955777456617
2019-09-19,2.286860747364126
2019-09-20,2.2915917908915997
2019-09-23,2.2689022365150078
2019-09-24,2.275755293811196
2019-09-25,2.246929131459185
2019-09-26,2.208615449840294
2019-09-27,2.2203679575545103
2019-09-30,2.1965273782186325
2019-10-08,2.203727574339235
2019-10-09,2.2150723515275312
2019-10-10,2.2389601543509507
2019-10-11,2.252775334006039
2019-10-14,2.2818332664091026
2019-10-15,2.262792636679183
2019-10-16,2.25288064944776
2019-10-17,2.2522185424601795
2019-10-18,2.222055287000042
2019-10-21,2.2206107590992
2019-10-22,2.236870474270483
2019-10-23,2.222323140360333
2019-10-24,2.2208073696606796
2019-10-25,2.235589408107875
2019-10-28,2.2639713762283953
2019-10-29,2.2439369882514404
2019-10-30,2.226432779307786
2019-10-31,2.2144551313071656
2019-11-01,2.2441410437125673
2019-11-04,2.2576427224474855
2019-11-05,2.269233453035797
2019-11-06,2.2541946470642817
2019-11-07,2.2628272527454256
2019-11-08,2.2538152832362863
2019-11-11,2.2071514673841706
2019-11-12,2.209440638169776
2019-11-13,2.2063266594510207
2019-11-14,2.2151196293574067
2019-11-15,2.1955132959389845
2019-11-18,2.211519504125939
2019-11-19,2.2411559650081374
2019-11-20,2.222992963959227
2019-11-21,2.216581709831869
2019-11-22,2.19439210492062
2019-11-25,2.1993933385287114
2019-11-26,2.201692562645957
2019-11-27,2.197834093962506
2019-11-28,2.1909595714447074
2019-11-29,2.1810848630538526
2019-12-02,2.1852105873319294
2019-12-03,2.1953376615181157
2019-12-04,2.19552601204495
2019-12-05,2.215579474180855
2019-12-06,2.2297937439308866
2019-12-09,2.23149335474372
2019-12-10,2.2386178519941904
2019-12-11,2.2360991391931924
2019-12-12,2.231183331732874
2019-12-13,2.2676445918980033
2019-12-16,2.2914635973276045
2019-12-17,2.3216753804912806
2019-12-18,2.319893441043665
2019-12-19,2.3222245097681595
2019-12-20,2.308312926813993
2019-12-23,2.270479740105163
2019-12-24,2.295922548792799
2019-12-25,2.3000715315894804
2019-12-26,2.318950601562828
2019-12-27,2.3092853828664186
2019-12-30,2.335155159265924
2019-12-31,2.3456813235470535
2020-01-02,2.3829056044124957
2020-01-03,2.3853930703719097
2020-01-06,2.3899652712594706
2020-01-07,2.4144773588065704
2020-01-08,2.384681185807128
2020-01-09,2.4180277064608373
2020-01-10,2.4145256147984426
2020-01-13,2.4411330883709947
2020-01-14,2.434703412192685
2020-01-15,2.425025260020977
2020-01-16,2.417971027407321
2020-01-17,2.416937870968723
2020-01-20,2.4410856475141207
2020-01-21,2.407063923370533
2020-01-22,2.418878109632919
2020-01-23,2.3397541509237474
2020-02-03,2.148870890966145
2020-02-04,2.1861721749177163
2020-02-05,2.227394040839574
2020-02-06,2.2803136374037933
2020-02-07,2.2916096151768848
2020-02-10,2.3109583115936556
2020-02-11,2.3149948057606347
2020-02-12,2.3460185720668267
2020-02-13,2.328750969641879
2020-02-14,2.339083457847522
2020-02-17,2.403977387530037
2020-02-18,2.41783881251067
2020-02-19,2.4059217018692225
2020-02-20,2.455703246061084
2020-02-21,2.455703246061084
2020-02-24,2.455703246061084
2020-02-25,2.455703246061084
2020-02-26,2.455703246061084
2020-02-27,2.455703246061084
2020-02-28,2.455703246061084
2020-03-02,2.455703246061084
2020-03-03,2.455703246061084
2020-03-04,2.455703246061084
2020-03-05,2.455703246061084
2020-03-06,2.455703246061084
2020-03-09,2.455703246061084
2020-03-10,2.455703246061084
2020-03-11,2.455703246061084
2020-03-12,2.455703246061084
2020-03-13,2.455703246061084
2020-03-16,2.455703246061084
2020-03-17,2.455703246061084
2020-03-18,2.455703246061084
2020-03-19,2.455703246061084
2020-03-20,2.455703246061084
2020-03-23,2.455703246061084
2020-03-24,2.455703246061084
2020-03-25,2.455703246061084
2020-03-26,2.455703246061084
2020-03-27,2.455703246061084
2020-03-30,2.455703246061084
2020-03-31,2.455703246061084
2020-04-01,2.455703246061084
2020-04-02,2.455703246061084
2020-04-03,2.455703246061084
2020-04-07,2.455703246061084
2020-04-08,2.455703246061084
2020-04-09,2.455703246061084
2020-04-10,2.455703246061084
2020-04-13,2.455703246061084
2020-04-14,2.455703246061084
2020-04-15,2.455703246061084
2020-04-16,2.455703246061084
2020-04-17,2.455703246061084
2020-04-20,2.455703246061084
2020-04-21,2.455703246061084
2020-04-22,2.455703246061084
2020-04-23,2.455703246061084
2020-04-24,2.455703246061084
2020-04-27,2.455703246061084
2020-04-28,2.455703246061084
2020-04-29,2.455703246061084
2020-04-30,2.455703246061084
2020-05-06,2.455703246061084
2020-05-07,2.455703246061084
2020-05-08,2.455703246061084
2020-05-11,2.455703246061084
2020-05-12,2.455703246061084
2020-05-13,2.455703246061084
2020-05-14,2.455703246061084
2020-05-15,2.455703246061084
2020-05-18,2.455703246061084
2020-05-19,2.455703246061084
2020-05-20,2.455703246061084
2020-05-21,2.455703246061084
2020-05-22,2.455703246061084
2020-05-25,2.455703246061084
2020-05-26,2.455703246061084
2020-05-27,2.455703246061084
2020-05-28,2.455703246061084
2020-05-29,2.455703246061084
2020-06-01,2.455703246061084
2020-06-02,2.4623476784234795
2020-06-03,2.462999972135426
2020-06-04,2.465122997735516
2020-06-05,2.4725747620607663
2020-06-08,2.4759205929683143
2020-06-09,2.4913760667667693
2020-06-10,2.490820868283594
2020-06-11,2.475322540207392
2020-06-12,2.4786891251499745
2020-06-15,2.462130714619385
2020-06-16,2.503371282005051
2020-06-17,2.5099475065117645
2020-06-18,2.516538371026975
2020-06-19,2.5435751012027468
2020-06-22,2.54895841743085
2020-06-23,2.558211631997124
2020-06-24,2.5642839260963974
2020-06-29,2.5499585375515825
2020-06-30,2.589438433570469
2020-07-01,2.6201551346178498
2020-07-02,2.66416384154127
2020-07-03,2.705620531351231
2020-07-06,2.8382352253366823
2020-07-07,2.8669579684450945
2020-07-08,2.9219251985108134
2020-07-09,2.9810217523526386
2020-07-10,2.949832364134343
2020-07-13,3.0311380913268775
2020-07-14,3.0031872300458016
2020-07-15,2.9466793213846727
2020-07-16,2.8040495153792224
2020-07-17,2.8169217849196793
2020-07-20,2.902690190564569
2020-07-21,2.9144576162453464
2020-07-22,2.9318249854064025
2020-07-23,2.930028751720131
2020-07-24,2.7965025068607576
2020-07-27,2.8036888439055088
2020-07-28,2.8319786690614914
2020-07-29,2.9053215778390395
2020-07-30,2.8957012412205954
2020-07-31,2.927721127392203
2020-08-03,2.993633867259334
2020-08-04,2.9845554353232453
2020-08-05,3.0020415512198917
2020-08-06,2.9974417839523335
2020-08-07,2.9607046178012806
2020-08-10,2.9723332158152713
2020-08-11,2.93066163760472
2020-08-12,2.90392802852443
2020-08-13,2.9056796129893834
2020-08-14,2.9410504905313055
2020-08-17,3.0026608628437286
2020-08-18,3.0129894168847398
2020-08-19,2.961709898384778
2020-08-20,2.9251430275049835
2020-08-21,2.9479425129224675
2020-08-24,2.9700534131126872
2020-08-25,2.9654290214630206
2020-08-26,2.915670773731112
2020-08-27,2.940311478608105
2020-08-28,2.993859188769428
2020-08-31,2.9853524463605687
2020-09-01,3.001478668134555
2020-09-02,3.0056129280054806
2020-09-03,2.983948463936456
2020-09-04,2.966351229814393
2020-09-07,2.9076139451466165
2020-09-08,2.9248142162796484
2020-09-09,2.847925564754379
2020-09-10,2.805261607117243
2020-09-11,2.8404142868313667
2020-09-14,2.866805566517555
2020-09-15,2.88594213302735
2020-09-16,2.8666516501063772
2020-09-17,2.86332040311534
2020-09-18,2.915592581501819
2020-09-21,2.898078587887842
2020-09-22,2.861584524406629
2020-09-23,2.8757439928551376
2020-09-24,2.8117349028285803
2020-09-25,2.807036694124573
2020-09-28,2.7932768249884643
2020-09-29,2.810329013276923
2020-09-30,2.8071476440740293
2020-10-09,2.877016046926813
2020-10-12,2.964752720380817
2020-10-13,2.9748977975337234
2020-10-14,2.9553306128429484
2020-10-15,2.9404154731512246
2020-10-16,2.9349215996175713
2020-10-19,2.913415651502623
2020-10-20,2.939528041831532
2020-10-21,2.9190733697290785
2020-10-22,2.907547644418477
2020-10-23,2.8648594550431383
2020-10-26,2.860391952679937
2020-10-27,2.8673626721282726
2020-10-28,2.881847081455043
2020-10-29,2.8919803231987813
2020-10-30,2.8367099720375806
2020-11-02,2.849977577899457
2020-11-03,2.89293046535947
2020-11-04,2.9018456135226227
2020-11-05,2.9018456135226227
2020-11-06,2.9018456135226227
2020-11-09,2.9018456135226227
2020-11-10,2.9018456135226227
2020-11-11,2.9018456135226227
2020-11-12,2.9018456135226227
2020-11-13,2.9018456135226227
